<?xml version="1.0" encoding="UTF-8"?>
<project-private xmlns="http://www.netbeans.org/ns/project-private/1">
    <editor-bookmarks xmlns="http://www.netbeans.org/ns/editor-bookmarks/2" lastBookmarkId="0"/>
    <open-files xmlns="http://www.netbeans.org/ns/projectui-open-files/2">
        <group>
            <file>file:/C:/wamp/www/rebecca_projet/app/Resources/views/base.html.twig</file>
            <file>file:/C:/wamp/www/rebecca_projet/src/DK/WebBundle/Resources/public/css/app.min.css</file>
            <file>file:/C:/wamp/www/rebecca_projet/src/DK/WebBundle/Tests/Controller/DefaultControllerTest.php</file>
            <file>file:/C:/wamp/www/rebecca_projet/src/DK/WebBundle/Resources/config/routing.yml</file>
            <file>file:/C:/wamp/www/rebecca_projet/src/DK/WebBundle/Controller/IndexController.php</file>
            <file>file:/C:/wamp/www/rebecca_projet/web/app_dev.php</file>
            <file>file:/C:/wamp/www/rebecca_projet/src/DK/WebBundle/Resources/views/Default/index.html.twig</file>
            <file>file:/C:/wamp/www/rebecca_projet/app/config/routing.yml</file>
            <file>file:/C:/wamp/www/rebecca_projet/app/config/config.yml</file>
            <file>file:/C:/wamp/www/rebecca_projet/app/AppKernel.php</file>
        </group>
    </open-files>
</project-private>
